Type,Last,Bid,Ask,Change,Volume,"Open Int",IV,"Last Trade",Strike,Type,Last,Bid,Ask,Change,Volume,"Open Int",IV,"Last Trade"
Call,169.40,168.80,169.50,+169.40,5,"6,341",879.36%,"13:08 ET",0.50,Put,0.01,0.00,0.01,unch,0,"3,733",0.00%,09/05/25
Call,168.65,168.45,168.95,+2.58,2,"1,872",481.32%,"10:23 ET",1.00,Put,0.01,0.00,0.01,unch,0,"1,650",0.00%,07/18/25
Call,169.74,166.75,168.75,unch,0,658,0.01%,09/03/25,1.50,Put,0.01,0.00,0.01,unch,0,31,0.00%,08/01/25
Call,164.49,166.25,168.15,unch,0,583,0.01%,09/05/25,2.00,Put,0.00,0.00,0.01,unch,0,141,0.00%,N/A
Call,175.25,165.80,167.75,unch,0,109,0.01%,08/25/25,2.50,Put,0.01,0.00,0.01,unch,0,362,0.00%,06/18/25
Call,170.44,165.30,167.75,unch,0,49,0.01%,08/29/25,3.00,Put,0.01,0.00,0.01,unch,0,"1,300",0.00%,09/05/25
Call,170.00,164.80,167.75,unch,0,7,359.21%,08/29/25,3.50,Put,0.00,0.00,0.01,unch,0,32,0.00%,N/A
Call,164.27,164.30,167.25,unch,0,5,342.45%,09/02/25,4.00,Put,0.01,0.00,0.01,unch,0,"6,221",0.00%,08/19/25
Call,0.00,163.80,166.75,unch,0,2,328.00%,N/A,4.50,Put,0.00,0.00,0.01,unch,0,"5,682",0.00%,N/A
Call,162.08,163.40,165.55,unch,0,207,0.01%,09/05/25,5.00,Put,0.01,0.00,0.01,unch,0,"3,308",0.00%,08/20/25
Call,0.00,162.80,165.40,unch,0,1,247.11%,N/A,5.50,Put,0.01,0.00,0.01,unch,0,53,0.00%,08/27/25
Call,0.00,162.30,165.30,unch,0,13,298.79%,N/A,6.00,Put,0.00,0.00,0.01,unch,0,"5,665",0.00%,N/A
Call,173.74,161.85,164.80,unch,0,75,293.97%,08/15/25,6.50,Put,0.00,0.00,0.01,unch,0,10,0.00%,N/A
Call,0.00,161.35,164.30,unch,0,12,285.24%,N/A,7.00,Put,0.00,0.00,0.01,unch,0,99,0.00%,N/A
Call,161.80,160.85,163.80,unch,0,223,277.19%,09/02/25,7.50,Put,0.01,0.00,0.01,unch,0,"3,401",0.00%,07/01/25
Call,149.43,160.35,163.30,unch,0,47,269.71%,06/27/25,8.00,Put,0.01,0.00,0.01,unch,0,168,0.00%,07/03/25
Call,132.00,159.85,162.80,unch,0,165,262.73%,06/03/25,8.50,Put,0.00,0.00,0.01,unch,0,54,0.00%,N/A
Call,165.85,159.35,162.30,unch,0,16,256.19%,08/21/25,9.00,Put,0.00,0.00,0.01,unch,0,319,0.00%,N/A
Call,0.00,158.85,161.85,unch,0,13,253.94%,N/A,9.50,Put,0.00,0.00,0.01,unch,0,311,0.00%,N/A
Call,172.22,158.45,161.25,unch,0,71,248.08%,08/11/25,10.00,Put,0.01,0.00,0.01,unch,0,"4,772",0.00%,07/16/25
Call,0.00,157.90,160.85,unch,0,10,246.13%,N/A,10.50,Put,0.02,0.00,0.01,unch,0,326,0.00%,07/17/25
Call,0.00,157.40,160.35,unch,0,14,240.82%,N/A,11.00,Put,0.02,0.00,0.01,unch,0,669,0.00%,05/29/25
Call,0.00,156.90,159.85,unch,0,1,235.76%,N/A,11.50,Put,0.01,0.00,0.01,unch,0,"1,113",0.00%,06/24/25
Call,165.68,156.40,159.35,unch,0,79,230.94%,08/22/25,12.00,Put,0.01,0.00,0.01,unch,0,"1,545",0.00%,06/10/25
Call,0.00,155.90,158.85,unch,0,51,226.32%,N/A,12.50,Put,0.00,0.00,0.01,unch,0,110,0.00%,N/A
Call,0.00,155.40,158.40,unch,0,0,225.16%,N/A,13.00,Put,0.01,0.00,0.01,unch,0,"1,204",0.00%,06/10/25
Call,156.16,154.90,157.90,unch,0,815,220.89%,07/23/25,13.50,Put,0.01,0.00,0.01,unch,0,"6,960",0.00%,08/25/25
Call,149.88,154.40,157.40,unch,0,251,216.78%,07/10/25,14.00,Put,0.01,0.00,0.01,unch,0,"4,012",0.00%,08/12/25
Call,0.00,153.95,156.90,unch,0,215,215.86%,N/A,14.50,Put,0.03,0.00,0.01,unch,0,"7,231",0.00%,05/28/25
Call,156.89,153.50,156.30,unch,0,876,209.01%,09/03/25,15.00,Put,0.01,0.00,0.01,unch,0,"5,770",0.00%,08/07/25
Call,154.75,152.95,155.90,unch,0,572,208.34%,09/02/25,15.50,Put,0.00,0.00,0.01,unch,0,"1,388",0.00%,N/A
Call,158.50,153.25,154.60,unch,0,"1,666",204.76%,07/25/25,16.00,Put,0.01,0.00,0.01,unch,0,"7,530",0.00%,07/02/25
Call,0.00,151.95,154.90,unch,0,201,201.29%,N/A,16.50,Put,0.00,0.00,0.01,unch,0,"6,039",0.00%,N/A
Call,0.00,151.45,153.65,unch,0,259,0.01%,N/A,17.00,Put,0.01,0.00,0.01,unch,0,"2,824",0.00%,08/12/25
Call,117.97,150.95,153.95,unch,0,310,197.49%,05/28/25,17.50,Put,0.02,0.00,0.01,unch,0,"1,809",0.00%,07/29/25
Call,163.52,150.45,153.45,unch,0,"1,086",194.32%,08/26/25,18.00,Put,0.01,0.00,0.01,unch,0,"3,666",0.00%,08/22/25
Call,151.75,150.75,152.20,+151.75,48,"4,868",216.20%,"11:33 ET",18.50,Put,0.03,0.00,0.01,unch,0,"3,325",0.00%,08/07/25
Call,154.49,149.50,152.45,unch,0,"1,064",190.88%,07/17/25,19.00,Put,0.01,0.00,0.01,unch,0,"19,801",0.00%,09/05/25
Call,162.32,149.00,151.95,unch,0,"1,044",187.95%,08/27/25,19.50,Put,0.01,0.00,0.01,unch,0,"5,728",0.00%,06/16/25
Call,150.08,149.35,150.65,+150.08,12,"4,618",194.72%,"14:43 ET",20.00,Put,0.01,0.00,0.01,unch,0,"16,992",0.00%,09/02/25
Call,120.13,148.00,151.00,unch,0,668,184.81%,05/29/25,20.50,Put,0.01,0.00,0.01,+0.01,1,"2,056",129.28%,"11:37 ET"
Call,124.98,147.50,150.50,unch,0,840,182.10%,06/18/25,21.00,Put,0.01,0.00,0.01,unch,0,"2,805",0.00%,09/04/25
Call,149.24,147.75,149.40,+149.24,25,"1,574",224.15%,"09:56 ET",21.50,Put,0.02,0.00,0.01,unch,0,"1,690",0.00%,06/11/25
Call,147.64,147.30,148.70,unch,0,"1,866",176.85%,09/03/25,22.00,Put,0.01,0.00,0.01,unch,0,"3,542",0.00%,08/11/25
Call,156.36,146.55,149.00,unch,0,421,195.07%,07/29/25,22.50,Put,0.01,0.00,0.01,unch,0,"3,004",0.00%,08/27/25
Call,150.94,145.55,148.50,unch,0,"1,547",174.20%,07/17/25,23.00,Put,0.01,0.00,0.01,unch,0,"4,489",0.00%,08/19/25
Call,0.00,145.05,148.00,unch,0,914,171.78%,N/A,23.50,Put,0.01,0.00,0.01,unch,0,"1,797",0.00%,09/05/25
Call,157.42,145.35,146.70,unch,0,"2,525",169.40%,08/27/25,24.00,Put,0.04,0.00,0.01,unch,0,"2,737",0.00%,06/02/25
Call,149.58,144.05,147.05,unch,0,"1,195",169.31%,07/24/25,24.50,Put,0.01,0.00,0.01,unch,0,"1,810",0.00%,08/22/25
Call,142.60,144.40,145.65,unch,0,"5,531",164.79%,09/05/25,25.00,Put,0.01,0.00,0.01,unch,0,"23,562",0.00%,09/04/25
Call,148.61,143.05,146.05,unch,0,"1,365",164.80%,07/24/25,25.50,Put,0.00,0.00,0.01,unch,0,"3,618",0.00%,N/A
Call,144.14,143.35,144.70,+144.14,1,"1,582",169.73%,"11:46 ET",26.00,Put,0.01,0.00,0.01,unch,0,"5,552",0.00%,09/05/25
Call,158.00,142.10,145.05,unch,0,"1,556",162.57%,08/28/25,26.50,Put,0.01,0.00,0.01,unch,0,"1,205",0.00%,07/16/25
Call,155.11,142.40,143.75,unch,0,"1,952",160.46%,08/26/25,27.00,Put,0.03,0.00,0.01,unch,0,839,0.00%,06/25/25
Call,155.00,141.90,143.25,unch,0,"2,368",158.39%,08/08/25,27.50,Put,0.01,0.00,0.01,unch,0,"2,186",0.00%,09/04/25
Call,154.45,141.40,142.75,unch,0,"4,963",156.35%,08/26/25,28.00,Put,0.01,0.00,0.01,unch,0,"22,599",0.00%,08/27/25
Call,151.30,140.10,143.10,unch,0,"1,549",156.38%,07/30/25,28.50,Put,0.01,0.00,0.01,unch,0,"1,624",0.00%,08/27/25
Call,145.10,140.40,141.75,unch,0,"1,795",152.37%,08/29/25,29.00,Put,0.01,0.00,0.01,unch,0,"2,089",0.00%,08/04/25
Call,136.65,139.10,142.10,unch,0,"1,398",152.48%,09/05/25,29.50,Put,0.01,0.00,0.01,+0.01,12,973,107.03%,"14:40 ET"
Call,139.80,139.45,140.85,+3.05,1,"9,893",154.33%,"14:57 ET",30.00,Put,0.01,0.00,0.01,unch,90,"9,897",106.02%,"14:13 ET"
Call,136.00,138.95,140.30,unch,0,"2,142",150.63%,09/05/25,30.50,Put,0.01,0.00,0.02,+0.01,1,"2,815",105.02%,"11:38 ET"
Call,140.80,138.45,139.85,unch,0,"3,524",150.63%,09/03/25,31.00,Put,0.01,0.00,0.02,unch,0,"8,968",0.00%,08/28/25
Call,138.96,138.20,139.10,unch,0,595,148.82%,09/02/25,31.50,Put,0.01,0.00,0.02,+0.01,4,"2,259",103.07%,"14:44 ET"
Call,149.75,136.65,139.65,unch,0,891,147.04%,08/26/25,32.00,Put,0.01,0.00,0.02,+0.01,7,"6,900",102.11%,"13:03 ET"
Call,141.95,136.95,138.35,unch,0,"2,017",145.29%,08/01/25,32.50,Put,0.01,0.00,0.02,unch,0,"12,513",0.00%,08/26/25
Call,141.50,135.65,138.65,unch,0,947,143.56%,07/17/25,33.00,Put,0.01,0.00,0.02,+0.01,1,"22,089",100.26%,"11:21 ET"
Call,133.40,136.20,137.35,unch,0,"1,811",149.86%,09/05/25,33.50,Put,0.02,0.00,0.02,unch,0,"1,162",0.00%,09/03/25
Call,133.44,134.65,137.40,unch,0,"1,155",129.14%,09/05/25,34.00,Put,0.01,0.00,0.02,+0.01,1,"11,808",98.46%,"11:43 ET"
Call,109.00,134.20,136.70,unch,0,817,116.61%,06/06/25,34.50,Put,0.02,0.00,0.02,unch,0,"5,237",0.00%,08/28/25
Call,130.00,134.70,135.80,unch,0,"2,420",143.47%,09/05/25,35.00,Put,0.01,0.00,0.02,unch,1,"13,298",96.71%,"11:44 ET"
Call,138.53,134.00,135.35,unch,0,"2,223",137.04%,07/17/25,35.50,Put,0.03,0.00,0.02,unch,0,"11,209",0.00%,08/28/25
Call,134.74,133.50,134.85,+134.74,25,"1,803",162.06%,"10:34 ET",36.00,Put,0.01,0.00,0.02,unch,0,"4,427",0.00%,08/26/25
Call,0.00,133.00,134.40,unch,0,"2,793",135.59%,N/A,36.50,Put,0.01,0.00,0.02,unch,0,"11,923",0.00%,09/05/25
Call,144.97,132.50,133.90,unch,0,"2,973",134.04%,08/27/25,37.00,Put,0.01,0.00,0.02,unch,0,"6,291",0.00%,09/05/25
Call,133.07,132.00,133.40,+133.07,1,"2,452",151.02%,"13:16 ET",37.50,Put,0.01,0.00,0.02,unch,0,"4,766",0.00%,08/29/25
Call,129.55,131.50,132.90,unch,0,"2,556",131.01%,09/05/25,38.00,Put,0.01,0.01,0.02,+0.01,69,"4,921",91.78%,"14:11 ET"
Call,101.84,131.05,132.35,unch,0,"1,892",129.52%,05/29/25,38.50,Put,0.03,0.00,0.02,unch,0,"1,309",0.00%,08/27/25
Call,141.16,130.55,131.95,unch,0,"7,501",131.25%,08/25/25,39.00,Put,0.01,0.00,0.02,+0.01,30,783,90.22%,"14:16 ET"
Call,130.68,130.05,131.45,+130.68,109,"5,753",125.18%,"14:01 ET",39.50,Put,0.02,0.01,0.02,unch,0,915,92.57%,08/26/25
Call,125.50,129.55,130.90,unch,0,"6,305",126.81%,09/05/25,40.00,Put,0.01,0.01,0.02,unch,15,"18,599",88.70%,"10:20 ET"
Call,141.83,128.55,129.95,unch,0,"4,491",125.57%,08/27/25,41.00,Put,0.01,0.01,0.02,-0.01,131,"3,677",87.23%,"10:53 ET"
Call,0.00,127.25,130.25,unch,0,"1,127",124.19%,N/A,41.50,Put,0.01,0.01,0.02,-0.01,130,"1,537",86.50%,"10:53 ET"
Call,133.00,127.60,128.95,unch,0,"5,109",124.33%,08/20/25,42.00,Put,0.03,0.01,0.02,unch,0,"2,474",88.78%,08/26/25
Call,140.10,126.45,129.30,unch,0,"1,406",128.36%,08/25/25,42.50,Put,0.02,0.01,0.02,unch,0,"9,592",88.05%,09/05/25
Call,125.05,126.60,127.95,unch,0,"7,757",121.65%,09/05/25,43.00,Put,0.02,0.01,0.02,unch,0,"17,534",87.32%,09/04/25
Call,123.88,126.10,127.10,unch,0,"3,665",106.55%,09/05/25,43.50,Put,0.02,0.01,0.02,unch,0,935,86.61%,09/04/25
Call,121.40,125.60,127.00,unch,0,"4,250",120.49%,09/05/25,44.00,Put,0.02,0.01,0.02,unch,0,"1,547",85.90%,09/04/25
Call,122.90,125.10,126.50,unch,0,"1,696",119.20%,09/05/25,44.50,Put,0.02,0.01,0.02,+0.02,2,"1,560",87.41%,"11:46 ET"
Call,122.65,124.75,125.65,unch,0,"5,337",111.42%,09/05/25,45.00,Put,0.02,0.02,0.03,+0.02,1,"10,491",86.71%,"11:44 ET"
Call,135.25,124.15,125.50,unch,0,"3,219",118.07%,08/15/25,45.50,Put,0.02,0.02,0.03,+0.02,13,920,86.01%,"14:41 ET"
Call,131.76,123.65,125.00,unch,0,"2,290",116.82%,08/22/25,46.00,Put,0.01,0.02,0.03,+0.01,10,"5,085",87.09%,"10:02 ET"
Call,136.11,123.15,124.55,unch,0,"1,782",116.93%,08/26/25,46.50,Put,0.03,0.02,0.03,unch,0,"5,430",86.40%,09/05/25
Call,129.04,122.65,124.05,unch,0,"2,815",115.72%,08/21/25,47.00,Put,0.03,0.02,0.03,+0.03,1,"5,837",87.21%,"14:00 ET"
Call,136.51,122.15,123.55,unch,0,"1,713",114.51%,08/12/25,47.50,Put,0.03,0.02,0.03,unch,0,"15,146",85.03%,09/04/25
Call,135.00,121.65,123.05,unch,0,"7,131",113.32%,08/26/25,48.00,Put,0.02,0.02,0.03,unch,0,"11,494",84.35%,08/28/25
Call,122.79,121.25,122.05,unch,0,"1,572",97.68%,09/04/25,48.50,Put,0.03,0.02,0.03,+0.03,77,"1,204",85.15%,"13:57 ET"
Call,125.43,120.70,122.05,unch,0,"2,069",112.27%,07/25/25,49.00,Put,0.03,0.02,0.03,+0.03,87,"1,562",84.48%,"13:59 ET"
Call,133.60,119.85,121.20,unch,0,"3,068",0.01%,07/31/25,49.50,Put,0.03,0.03,0.04,+0.03,8,"3,281",83.82%,"15:17 ET"
Call,120.65,119.80,120.50,+3.07,2,"8,169",93.51%,"10:45 ET",50.00,Put,0.04,0.03,0.04,unch,0,"25,617",84.42%,09/02/25
Call,130.35,119.30,120.05,unch,0,"1,381",94.92%,08/14/25,50.50,Put,0.04,0.03,0.04,unch,0,"2,357",83.76%,09/02/25
Call,115.99,118.85,119.55,unch,0,"5,436",96.05%,09/05/25,51.00,Put,0.04,0.03,0.04,+0.04,9,"2,353",84.23%,"15:16 ET"
Call,122.44,118.40,119.00,unch,0,"1,734",94.79%,07/17/25,51.50,Put,0.04,0.03,0.04,unch,0,"8,080",82.47%,08/29/25
Call,116.97,118.10,118.60,unch,0,"5,370",104.15%,09/02/25,52.00,Put,0.04,0.03,0.04,unch,0,"1,463",81.83%,09/03/25
Call,124.10,117.30,118.70,unch,0,"1,026",110.18%,07/28/25,52.50,Put,0.04,0.04,0.05,unch,0,"2,350",83.28%,09/03/25
Call,129.21,116.90,117.55,unch,0,"3,655",93.35%,08/27/25,53.00,Put,0.04,0.04,0.05,unch,0,"1,646",82.64%,09/02/25
Call,116.62,116.35,117.05,unch,0,"4,891",89.71%,09/03/25,53.50,Put,0.05,0.04,0.05,unch,0,"2,646",82.00%,09/02/25
Call,112.50,115.95,116.85,unch,0,"2,037",102.44%,09/05/25,54.00,Put,0.02,0.04,0.05,unch,0,"6,840",81.37%,08/28/25
Call,122.20,115.50,116.40,unch,0,489,103.78%,07/28/25,54.50,Put,0.05,0.04,0.05,unch,0,"2,274",80.75%,08/28/25
Call,116.03,115.15,115.65,+3.88,5,"4,598",100.33%,"10:49 ET",55.00,Put,0.05,0.04,0.05,-0.01,268,"14,700",81.02%,"10:00 ET"
Call,119.00,114.35,115.10,unch,0,537,87.25%,08/29/25,55.50,Put,0.06,0.04,0.05,unch,0,"2,569",79.52%,09/05/25
Call,112.70,113.85,115.15,unch,0,770,102.89%,09/02/25,56.00,Put,0.05,0.04,0.06,unch,0,"9,625",79.79%,09/03/25
Call,127.51,113.50,114.10,unch,0,"2,579",91.21%,08/11/25,56.50,Put,0.06,0.05,0.06,unch,0,900,79.98%,09/05/25
Call,110.85,113.05,114.25,unch,0,"10,050",106.55%,09/05/25,57.00,Put,0.10,0.05,0.06,unch,0,"1,849",79.37%,08/22/25
Call,110.25,112.30,113.35,unch,0,"2,463",90.78%,09/05/25,57.50,Put,0.10,0.05,0.06,unch,0,"8,573",78.77%,08/21/25
Call,112.38,112.05,112.65,unch,0,"1,939",91.33%,09/03/25,58.00,Put,0.06,0.05,0.06,+0.06,55,"2,382",78.91%,"10:30 ET"
Call,113.05,111.45,112.25,unch,0,"2,937",90.30%,09/04/25,58.50,Put,0.09,0.05,0.06,unch,0,"7,320",77.58%,08/27/25
Call,121.90,110.85,111.90,unch,0,"2,167",90.78%,08/07/25,59.00,Put,0.08,0.05,0.06,unch,0,"1,176",77.00%,08/26/25
Call,123.81,110.45,111.70,unch,0,608,99.03%,08/27/25,59.50,Put,0.04,0.05,0.07,unch,0,"2,411",77.14%,08/29/25
Call,109.95,110.15,110.65,+109.95,10,"7,112",90.20%,"15:24 ET",60.00,Put,0.07,0.06,0.07,unch,0,"23,132",77.23%,09/05/25
Call,110.30,109.40,110.65,unch,0,987,95.16%,09/02/25,60.50,Put,0.06,0.06,0.07,unch,0,867,76.65%,08/28/25
Call,117.92,108.95,110.30,unch,0,"2,333",98.05%,08/22/25,61.00,Put,0.07,0.06,0.07,unch,0,"1,196",76.07%,09/03/25
Call,107.65,108.45,109.70,unch,0,"1,123",95.29%,09/02/25,61.50,Put,0.12,0.06,0.07,unch,0,"2,829",75.50%,08/26/25
Call,105.27,108.05,108.85,unch,0,856,88.96%,09/05/25,62.00,Put,0.08,0.06,0.07,unch,0,"3,068",74.93%,09/05/25
Call,118.40,107.30,108.45,unch,0,"1,434",83.82%,08/13/25,62.50,Put,0.06,0.06,0.07,unch,0,"3,035",74.37%,09/03/25
Call,116.84,107.15,108.40,unch,0,904,99.24%,08/06/25,63.00,Put,0.08,0.07,0.08,+0.08,2,"1,033",75.56%,"14:13 ET"
Call,0.00,106.50,107.95,unch,0,824,96.84%,N/A,63.50,Put,0.07,0.07,0.08,unch,0,"9,204",74.44%,09/03/25
Call,106.80,106.00,106.75,+3.85,2,"2,919",80.88%,"12:41 ET",64.00,Put,0.07,0.07,0.08,unch,0,"16,298",73.89%,09/03/25
Call,105.80,105.10,106.25,unch,0,"1,137",0.01%,09/02/25,64.50,Put,0.20,0.07,0.08,unch,0,638,73.33%,08/20/25
Call,100.70,105.05,105.90,unch,0,"3,255",84.66%,09/05/25,65.00,Put,0.10,0.08,0.09,unch,0,"7,608",73.84%,09/05/25
Call,102.45,104.60,105.25,unch,0,371,81.11%,09/05/25,65.50,Put,0.10,0.08,0.09,unch,0,628,73.29%,09/05/25
Call,102.02,103.65,105.00,unch,0,"1,154",72.76%,09/05/25,66.00,Put,0.13,0.08,0.09,unch,0,"3,488",72.74%,08/27/25
Call,99.91,103.50,104.30,unch,0,450,77.71%,09/05/25,66.50,Put,0.11,0.08,0.09,unch,0,438,72.20%,09/05/25
Call,99.48,103.05,104.00,unch,0,526,83.45%,09/05/25,67.00,Put,0.09,0.08,0.09,unch,0,"3,165",71.66%,09/03/25
Call,104.19,102.70,103.25,unch,0,514,80.20%,09/04/25,67.50,Put,0.12,0.09,0.10,unch,0,548,72.06%,09/02/25
Call,103.77,102.35,102.80,unch,0,"9,732",83.84%,09/04/25,68.00,Put,0.11,0.09,0.10,unch,0,"2,482",71.53%,09/02/25
Call,103.36,101.60,102.25,unch,0,412,75.59%,09/04/25,68.50,Put,0.10,0.09,0.10,unch,0,836,70.99%,09/03/25
Call,103.10,101.05,101.85,unch,0,"1,268",76.19%,09/04/25,69.00,Put,0.10,0.09,0.10,unch,0,"1,575",70.46%,09/04/25
Call,103.00,100.70,101.30,unch,0,"2,112",77.98%,09/04/25,69.50,Put,0.19,0.09,0.11,unch,0,"1,205",70.37%,08/22/25
Call,100.85,100.10,101.50,+2.85,245,"6,235",89.49%,"15:40 ET",70.00,Put,0.13,0.10,0.11,unch,0,"17,347",70.26%,09/05/25
Call,101.50,99.80,100.35,unch,0,"1,070",79.68%,09/04/25,70.50,Put,0.10,0.10,0.11,unch,0,"3,313",69.73%,08/29/25
Call,96.88,99.00,99.85,unch,0,"1,478",70.99%,09/05/25,71.00,Put,0.10,0.10,0.11,unch,0,"1,800",69.21%,09/03/25
Call,95.85,98.30,98.90,unch,0,"1,242",78.26%,09/05/25,72.00,Put,0.11,0.11,0.12,unch,0,"3,531",68.95%,09/02/25
Call,95.23,97.35,97.90,unch,0,"4,203",77.64%,09/05/25,73.00,Put,0.13,0.11,0.13,unch,0,"1,375",68.29%,09/02/25
Call,94.02,96.45,97.30,unch,0,"1,277",83.90%,09/05/25,74.00,Put,0.14,0.12,0.13,unch,0,947,67.62%,09/02/25
Call,95.81,95.45,96.25,+2.76,1,"3,256",80.61%,"14:26 ET",75.00,Put,0.13,0.13,0.14,-0.03,1,"7,474",66.94%,"13:56 ET"
Call,91.16,94.50,95.65,unch,0,"1,758",85.64%,09/05/25,76.00,Put,0.14,0.13,0.15,unch,0,671,66.57%,09/02/25
Call,91.02,93.50,94.05,unch,0,"1,861",76.62%,09/05/25,77.00,Put,0.16,0.14,0.15,unch,0,"1,733",65.88%,09/02/25
Call,89.63,92.55,93.50,unch,0,"1,524",81.60%,09/05/25,78.00,Put,0.15,0.15,0.16,-0.03,10,"2,123",65.19%,"12:28 ET"
Call,89.08,90.95,92.30,unch,0,"1,685",68.46%,09/05/25,79.00,Put,0.18,0.15,0.17,unch,0,"4,193",64.76%,09/05/25
Call,87.53,90.40,90.95,unch,0,"4,026",68.95%,09/05/25,80.00,Put,0.17,0.16,0.18,-0.04,42,"20,811",64.31%,"14:17 ET"
Call,86.57,89.00,90.30,unch,0,709,66.53%,09/05/25,81.00,Put,0.19,0.18,0.19,unch,0,"2,048",64.08%,09/04/25
Call,89.06,88.05,89.20,+3.12,2,"3,005",76.73%,"12:33 ET",82.00,Put,0.20,0.18,0.19,unch,0,"1,079",63.12%,09/03/25
Call,88.07,87.25,88.00,+3.12,3,"2,892",62.56%,"12:33 ET",83.00,Put,0.21,0.19,0.20,unch,0,"1,715",62.62%,09/04/25
Call,83.50,86.65,87.35,unch,0,"10,434",72.68%,09/05/25,84.00,Put,0.22,0.20,0.21,unch,0,"1,008",62.11%,09/03/25
Call,85.85,85.80,86.05,+2.80,2,"14,427",67.60%,"11:52 ET",85.00,Put,0.22,0.21,0.22,-0.02,24,"13,026",61.78%,"15:19 ET"
Call,82.07,84.55,85.10,unch,0,"5,515",65.56%,09/05/25,86.00,Put,0.29,0.22,0.23,unch,0,"3,478",61.04%,09/02/25
Call,86.80,82.40,83.75,unch,0,"1,273",69.09%,08/29/25,88.00,Put,0.29,0.25,0.26,unch,0,"7,863",60.29%,09/05/25
Call,81.30,80.85,81.15,+3.00,14,"17,232",64.91%,"11:44 ET",90.00,Put,0.27,0.27,0.28,-0.04,18,"27,648",58.95%,"15:15 ET"
Call,78.62,78.80,79.25,+2.55,1,"1,346",63.00%,"15:12 ET",92.00,Put,0.37,0.30,0.31,unch,0,"4,441",58.22%,09/05/25
Call,75.21,77.30,78.65,unch,0,"1,208",60.64%,09/05/25,93.00,Put,0.31,0.31,0.32,-0.10,2,"2,017",57.46%,"10:37 ET"
Call,73.65,76.65,77.30,unch,0,"2,509",59.43%,09/05/25,94.00,Put,0.40,0.32,0.34,unch,0,"3,666",57.12%,09/02/25
Call,76.47,75.70,76.35,+3.50,20,"7,909",59.39%,"11:41 ET",95.00,Put,0.35,0.34,0.35,-0.05,19,"11,050",56.75%,"13:28 ET"
Call,72.03,75.00,75.90,unch,0,"1,302",65.89%,09/05/25,96.00,Put,0.36,0.36,0.37,-0.06,5,"2,763",56.11%,"15:40 ET"
Call,71.05,73.60,74.60,unch,0,759,58.64%,09/05/25,97.00,Put,0.44,0.38,0.39,-0.02,2,"2,178",55.83%,"09:30 ET"
Call,70.75,72.45,74.15,unch,0,"1,717",61.15%,09/05/25,98.00,Put,0.48,0.39,0.41,unch,0,"2,975",55.30%,09/05/25
Call,69.00,71.40,72.85,unch,0,579,56.84%,09/05/25,99.00,Put,0.51,0.41,0.42,unch,0,"6,473",54.75%,09/05/25
Call,71.00,71.20,71.60,+2.75,109,"49,267",60.46%,"15:00 ET",100.00,Put,0.44,0.43,0.44,-0.08,"1,066","73,643",54.41%,"15:45 ET"
Call,67.92,70.15,70.95,unch,0,"1,452",61.51%,09/05/25,101.00,Put,0.60,0.46,0.47,unch,0,"5,301",54.04%,09/05/25
Call,67.12,68.65,69.55,unch,0,"1,263",52.97%,09/05/25,102.00,Put,0.49,0.48,0.49,-0.05,19,"3,405",53.65%,"12:32 ET"
Call,65.90,67.85,69.00,unch,0,"1,620",57.48%,09/05/25,103.00,Put,0.50,0.50,0.52,+0.50,19,"2,468",52.96%,"15:39 ET"
Call,65.00,66.80,68.05,unch,0,"1,081",56.38%,09/05/25,104.00,Put,0.53,0.52,0.54,-0.11,20,"2,859",52.64%,"14:54 ET"
Call,66.78,66.35,66.60,+2.84,6,"4,706",56.01%,"11:29 ET",105.00,Put,0.56,0.55,0.57,-0.09,159,"15,617",52.29%,"12:40 ET"
Call,65.00,65.30,65.75,+2.00,1,"1,064",55.63%,"09:34 ET",106.00,Put,0.65,0.58,0.59,-0.04,1,"2,794",51.84%,"09:30 ET"
Call,62.25,64.35,64.85,unch,0,"1,000",55.55%,09/05/25,107.00,Put,0.63,0.61,0.62,-0.09,5,"5,859",51.45%,"15:02 ET"
Call,64.29,63.15,63.95,+3.14,2,"4,804",53.82%,"10:00 ET",108.00,Put,0.78,0.64,0.66,unch,0,"5,833",51.12%,09/05/25
Call,59.85,62.30,63.15,unch,0,"2,084",54.96%,09/05/25,109.00,Put,0.69,0.67,0.69,-0.23,56,"3,968",50.84%,"14:20 ET"
Call,61.30,61.60,61.80,+2.13,39,"22,181",53.60%,"15:04 ET",110.00,Put,0.74,0.71,0.73,-0.11,"1,061","41,491",50.39%,"15:19 ET"
Call,57.43,60.00,61.50,unch,0,550,53.15%,09/05/25,111.00,Put,0.89,0.75,0.76,unch,0,"3,535",50.00%,09/05/25
Call,60.64,59.50,59.90,+3.46,1,"4,971",51.52%,"10:36 ET",112.00,Put,0.80,0.79,0.80,-0.28,91,"6,182",49.72%,"15:44 ET"
Call,56.40,58.40,59.05,unch,0,933,50.78%,09/05/25,113.00,Put,0.84,0.83,0.84,-0.17,2,"1,591",49.34%,"09:46 ET"
Call,59.29,57.70,58.15,+3.79,1,815,51.95%,"09:56 ET",114.00,Put,0.88,0.87,0.89,-0.15,3,"2,185",48.95%,"15:22 ET"
Call,56.44,56.75,57.10,+2.40,23,"7,565",50.92%,"15:14 ET",115.00,Put,0.94,0.92,0.93,-0.17,73,"14,862",48.60%,"14:29 ET"
Call,56.47,55.80,56.40,+3.67,3,"1,446",51.63%,"11:29 ET",116.00,Put,1.00,0.97,0.98,-0.17,17,"6,969",48.28%,"15:00 ET"
Call,54.67,54.90,55.20,+1.97,10,"3,340",50.13%,"15:15 ET",117.00,Put,1.06,1.02,1.03,-0.18,38,"4,575",47.94%,"14:05 ET"
Call,54.45,54.05,54.25,+2.95,2,"1,737",50.05%,"13:56 ET",118.00,Put,1.10,1.07,1.09,-0.18,17,"4,208",47.63%,"13:06 ET"
Call,53.40,53.10,53.30,+53.40,1,"2,376",49.49%,"11:55 ET",119.00,Put,1.14,1.12,1.14,-0.21,17,"8,571",47.34%,"09:58 ET"
Call,52.10,52.15,52.40,+1.90,613,"19,347",49.14%,"15:04 ET",120.00,Put,1.18,1.18,1.20,-0.25,"2,464","40,952",46.84%,"15:42 ET"
Call,51.60,51.25,51.45,+4.25,1,"3,100",48.76%,"10:18 ET",121.00,Put,1.32,1.25,1.27,-0.21,15,"5,307",46.69%,"09:38 ET"
Call,51.97,50.25,50.55,unch,0,781,48.17%,09/04/25,122.00,Put,1.40,1.32,1.34,-0.20,15,"3,029",46.42%,"09:38 ET"
Call,49.68,49.45,49.70,+2.90,1,"1,160",49.34%,"11:46 ET",123.00,Put,1.70,1.38,1.41,unch,0,"4,597",46.08%,09/05/25
Call,49.29,48.50,48.75,+3.19,1,"1,248",47.91%,"10:55 ET",124.00,Put,1.49,1.46,1.49,-0.31,3,"4,148",45.96%,"15:32 ET"
Call,48.30,47.65,47.95,+3.30,111,"27,837",48.18%,"13:41 ET",125.00,Put,1.58,1.55,1.57,-0.31,67,"29,447",45.61%,"15:16 ET"
Call,46.57,46.70,46.95,+2.12,27,"3,642",47.34%,"15:30 ET",126.00,Put,1.87,1.63,1.65,-0.13,1,"3,120",45.31%,"09:30 ET"
Call,46.22,45.75,46.00,+3.94,2,"1,466",46.68%,"12:41 ET",127.00,Put,1.80,1.71,1.74,-0.29,1,"4,209",45.03%,"09:40 ET"
Call,41.05,44.85,45.10,unch,0,942,46.34%,09/05/25,128.00,Put,1.86,1.81,1.83,-0.35,51,"4,748",44.78%,"15:29 ET"
Call,43.85,44.05,44.20,+1.97,2,"1,596",46.31%,"15:08 ET",129.00,Put,1.96,1.91,1.93,-0.36,281,"3,787",44.55%,"15:29 ET"
Call,43.50,43.10,43.30,+2.60,133,"18,737",45.77%,"14:25 ET",130.00,Put,2.07,2.01,2.03,-0.35,449,"32,662",44.28%,"15:29 ET"
Call,41.75,41.40,41.70,+2.48,3,"2,633",45.82%,"14:25 ET",132.00,Put,2.29,2.23,2.26,-0.39,116,"4,861",43.83%,"15:06 ET"
Call,40.09,39.65,39.85,+2.43,2,"3,642",44.89%,"13:51 ET",134.00,Put,2.55,2.47,2.50,-0.45,13,"3,840",43.34%,"15:29 ET"
Call,39.31,38.75,39.00,+2.68,8,"14,034",44.53%,"14:22 ET",135.00,Put,2.64,2.61,2.63,-0.48,303,"12,383",43.14%,"15:32 ET"
Call,38.47,37.90,38.15,+2.62,21,"5,840",44.28%,"14:10 ET",136.00,Put,2.82,2.74,2.77,-0.48,36,"12,880",42.91%,"15:24 ET"
Call,33.85,36.25,36.45,unch,0,"7,215",43.83%,09/05/25,138.00,Put,3.10,3.00,3.10,-0.44,162,"10,055",42.73%,"15:28 ET"
Call,34.42,34.60,34.80,+1.69,66,"17,869",43.38%,"15:01 ET",140.00,Put,3.38,3.35,3.40,-0.63,728,"35,764",42.11%,"15:42 ET"
Call,33.70,33.00,33.20,+2.60,13,"3,425",43.04%,"11:37 ET",142.00,Put,3.71,3.70,3.75,-0.74,27,"4,340",41.61%,"15:39 ET"
Call,31.65,31.40,31.55,+2.20,25,"2,626",42.48%,"14:44 ET",144.00,Put,4.15,4.10,4.15,-0.68,254,"2,160",41.47%,"15:32 ET"
Call,30.62,30.60,30.80,+1.92,60,"13,908",41.98%,"15:36 ET",145.00,Put,4.30,4.30,4.35,-0.75,"1,052","18,787",41.05%,"15:39 ET"
Call,29.80,29.80,30.00,+1.85,2,"7,492",41.61%,"14:58 ET",146.00,Put,4.51,4.50,4.55,-0.79,230,"10,529",40.86%,"15:42 ET"
Call,28.69,28.30,28.45,+2.36,21,"2,895",41.62%,"12:40 ET",148.00,Put,5.00,4.95,5.00,-0.90,25,"1,584",40.65%,"13:58 ET"
Call,26.75,26.80,26.95,+1.65,130,"33,805",41.21%,"15:28 ET",150.00,Put,5.41,5.45,5.50,-1.00,651,"29,395",40.25%,"15:43 ET"
Call,25.81,25.35,25.50,+2.16,167,"4,871",40.86%,"13:10 ET",152.00,Put,6.06,5.95,6.05,-0.81,24,"3,104",39.90%,"13:56 ET"
Call,24.64,23.95,24.10,+2.21,18,"1,972",40.55%,"10:34 ET",154.00,Put,6.60,6.50,6.60,-1.05,69,"3,526",39.68%,"14:30 ET"
Call,23.14,23.25,23.40,+1.40,51,"17,743",40.36%,"15:07 ET",155.00,Put,6.80,6.80,6.90,-1.10,805,"14,745",39.19%,"15:39 ET"
Call,22.90,22.55,22.70,+2.05,2,"3,373",40.13%,"14:06 ET",156.00,Put,7.25,7.10,7.20,-0.95,134,"3,371",39.17%,"15:10 ET"
Call,21.00,21.25,21.40,+1.20,9,"1,942",39.90%,"15:14 ET",158.00,Put,7.75,7.75,7.85,-1.20,103,"5,021",38.70%,"15:40 ET"
Call,20.10,19.95,20.10,+1.35,523,"24,080",39.78%,"15:42 ET",160.00,Put,8.48,8.45,8.55,-1.31,"1,861","34,699",38.52%,"15:40 ET"
Call,19.01,18.70,18.85,+1.61,31,"3,258",39.22%,"14:38 ET",162.00,Put,9.20,9.20,9.30,-1.30,266,"2,427",38.16%,"15:44 ET"
Call,17.40,17.50,17.65,+1.13,60,"4,437",38.93%,"15:07 ET",164.00,Put,9.99,10.00,10.10,-1.35,89,"1,812",38.06%,"15:43 ET"
Call,17.15,16.95,17.05,+1.35,606,"21,683",38.80%,"15:40 ET",165.00,Put,10.43,10.40,10.50,-1.42,974,"24,237",37.83%,"15:44 ET"
Call,16.62,16.35,16.50,+1.44,136,"2,551",38.65%,"14:39 ET",166.00,Put,10.90,10.85,10.95,-1.50,266,"1,502",37.83%,"15:37 ET"
Call,15.65,15.85,15.90,+1.05,132,"2,271",38.53%,"15:29 ET",167.00,Put,11.50,11.30,11.35,-1.17,446,"2,725",37.66%,"15:29 ET"
Call,15.20,15.30,15.35,+0.95,241,"8,703",38.39%,"15:30 ET",168.00,Put,11.95,11.75,11.80,-1.37,365,"1,771",37.53%,"15:29 ET"
Call,14.85,14.75,14.85,+1.13,225,"1,993",38.43%,"15:42 ET",169.00,Put,12.40,12.20,12.30,-1.45,753,"1,263",37.44%,"15:29 ET"
Call,14.30,14.25,14.35,+1.00,"4,847","21,047",38.22%,"15:44 ET",170.00,Put,12.70,12.65,12.75,-1.60,"2,714","15,532",37.25%,"15:44 ET"
Call,13.58,13.75,13.80,+0.88,144,"2,092",38.05%,"15:14 ET",171.00,Put,13.25,13.15,13.25,-1.45,513,"2,994",37.30%,"15:32 ET"
Call,13.10,13.25,13.30,+0.90,121,"2,816",37.92%,"15:08 ET",172.00,Put,13.85,13.65,13.75,-1.40,384,"2,045",37.04%,"15:30 ET"
Call,12.95,12.75,12.85,+1.25,191,"2,866",37.83%,"15:39 ET",173.00,Put,14.45,14.20,14.30,-1.51,398,973,37.03%,"15:29 ET"
Call,12.10,12.30,12.35,+1.05,249,"1,608",37.71%,"15:23 ET",174.00,Put,14.80,14.70,14.80,-1.50,84,"6,481",36.99%,"15:32 ET"
Call,11.95,11.80,11.90,+0.95,"1,490","26,400",37.56%,"15:44 ET",175.00,Put,15.20,15.25,15.35,-1.89,156,"10,646",36.77%,"15:41 ET"
Call,11.67,11.40,11.45,+1.17,77,"3,766",37.51%,"14:34 ET",176.00,Put,15.75,15.80,15.90,-1.90,11,"2,526",36.66%,"14:12 ET"
Call,10.80,10.95,11.05,+0.70,174,"3,463",37.44%,"15:29 ET",177.00,Put,16.30,16.35,16.45,-1.95,46,"4,153",36.51%,"15:39 ET"
Call,10.35,10.50,10.60,+0.60,87,"3,303",37.26%,"15:23 ET",178.00,Put,16.86,16.95,17.05,-1.89,21,"1,950",36.48%,"12:08 ET"
Call,10.45,10.10,10.20,+1.46,106,"7,356",37.19%,"14:18 ET",179.00,Put,17.45,17.50,17.65,-1.93,54,"1,044",36.33%,"14:15 ET"
Call,9.79,9.70,9.80,+0.79,"1,047","27,052",37.21%,"15:44 ET",180.00,Put,18.27,18.10,18.25,-1.73,93,"9,089",36.23%,"14:55 ET"
Call,9.42,9.30,9.40,+0.73,137,"2,650",36.97%,"15:43 ET",181.00,Put,18.70,18.75,18.85,-1.95,28,527,36.17%,"15:39 ET"
Call,9.05,8.95,9.05,+0.81,371,"3,011",37.10%,"15:39 ET",182.00,Put,19.21,19.35,19.45,-2.15,6,"1,904",36.00%,"13:00 ET"
Call,8.91,8.60,8.65,+1.01,23,"1,753",36.84%,"13:34 ET",183.00,Put,19.95,20.00,20.10,+19.95,42,891,35.94%,"11:28 ET"
Call,8.35,8.25,8.30,+0.85,145,"2,075",36.76%,"15:44 ET",184.00,Put,20.35,20.60,20.80,-2.35,15,579,35.85%,"10:37 ET"
Call,8.00,7.90,8.00,+0.65,708,"21,845",36.87%,"15:43 ET",185.00,Put,21.30,21.30,21.45,-1.97,19,"2,720",35.57%,"12:41 ET"
Call,7.75,7.55,7.65,+0.75,15,"3,959",36.59%,"14:26 ET",186.00,Put,25.65,21.95,22.10,unch,0,395,35.64%,09/05/25
Call,7.15,7.25,7.35,+0.40,120,"2,971",36.57%,"15:27 ET",187.00,Put,22.85,22.60,22.80,-2.47,5,177,35.52%,"15:32 ET"
Call,6.95,6.95,7.05,+0.60,41,"2,032",36.38%,"15:35 ET",188.00,Put,23.35,23.35,23.50,+23.35,3,276,35.29%,"15:39 ET"
Call,6.71,6.65,6.75,+0.56,123,"4,278",36.48%,"15:38 ET",189.00,Put,23.90,24.05,24.20,-3.80,38,151,35.41%,"14:16 ET"
Call,6.51,6.35,6.45,+0.66,971,"22,352",36.34%,"15:41 ET",190.00,Put,24.90,24.75,24.95,-2.08,34,"2,816",35.51%,"15:36 ET"
Call,6.20,6.10,6.15,+0.55,927,"2,891",36.29%,"14:50 ET",191.00,Put,29.25,25.50,25.70,unch,0,171,35.33%,09/05/25
Call,6.05,5.85,5.90,+0.70,19,"2,318",36.28%,"12:32 ET",192.00,Put,26.20,26.10,26.40,-3.65,7,128,34.79%,"11:57 ET"
Call,5.60,5.60,5.65,+0.54,47,"2,493",36.16%,"15:36 ET",193.00,Put,27.40,27.00,27.20,-1.93,20,232,35.22%,"09:38 ET"
Call,5.53,5.35,5.40,+0.58,21,"4,241",36.18%,"13:56 ET",194.00,Put,27.70,27.75,27.95,-3.85,2,115,35.11%,"11:57 ET"
Call,5.15,5.10,5.20,+0.45,251,"13,918",36.17%,"15:44 ET",195.00,Put,32.65,28.55,28.75,unch,0,236,35.14%,09/05/25
Call,4.15,4.05,4.15,+0.36,"2,655","49,622",36.16%,"15:44 ET",200.00,Put,32.40,32.55,32.75,-2.60,48,"2,031",34.78%,"14:11 ET"
Call,3.32,3.25,3.30,+0.35,"2,043","18,205",35.97%,"15:40 ET",205.00,Put,36.60,36.80,37.00,-1.30,2,224,34.62%,"12:20 ET"
Call,2.56,2.58,2.61,+0.21,"2,296","17,200",35.93%,"15:31 ET",210.00,Put,40.82,41.25,41.45,-4.09,29,157,34.53%,"12:31 ET"
Call,2.51,2.36,2.39,+0.35,20,"3,418",35.99%,"11:34 ET",212.00,Put,34.79,43.05,43.30,unch,0,27,34.50%,08/27/25
Call,2.22,2.25,2.28,+0.13,14,"1,358",35.99%,"15:29 ET",213.00,Put,37.30,44.00,44.25,unch,0,26,34.69%,08/28/25
Call,2.12,2.15,2.18,+0.19,17,"1,141",36.01%,"15:29 ET",214.00,Put,44.90,44.90,45.20,unch,0,49,34.68%,09/03/25
Call,2.02,2.06,2.08,+0.12,150,"13,859",36.04%,"15:19 ET",215.00,Put,44.90,45.85,46.10,unch,0,206,34.64%,09/02/25
Call,1.80,1.96,1.99,unch,0,927,36.04%,09/05/25,216.00,Put,38.90,46.75,47.05,unch,0,50,34.55%,08/13/25
Call,1.95,1.88,1.91,+0.26,5,638,36.11%,"13:55 ET",217.00,Put,48.35,47.75,48.00,unch,0,226,34.82%,09/02/25
Call,1.88,1.79,1.82,+0.26,83,"1,417",36.10%,"13:14 ET",218.00,Put,48.10,48.65,49.15,unch,0,140,35.52%,09/02/25
Call,1.88,1.71,1.74,+0.31,80,720,36.13%,"10:38 ET",219.00,Put,39.82,49.60,49.90,unch,0,119,34.59%,08/27/25
Call,1.66,1.64,1.66,+0.16,630,"32,004",36.23%,"14:59 ET",220.00,Put,53.25,50.55,50.95,unch,0,317,35.06%,09/05/25
Call,1.54,1.56,1.59,+0.10,13,"1,105",36.19%,"15:26 ET",221.00,Put,55.58,51.10,51.90,unch,0,44,31.67%,09/05/25
Call,1.31,1.49,1.52,unch,0,588,36.21%,09/05/25,222.00,Put,52.10,52.00,52.85,unch,0,60,0.01%,09/02/25
Call,1.49,1.43,1.46,+0.17,117,"3,264",36.29%,"13:03 ET",223.00,Put,53.78,52.75,54.00,-3.20,3,47,36.75%,"15:06 ET"
Call,1.26,1.37,1.39,unch,0,571,36.31%,09/05/25,224.00,Put,57.17,54.00,54.85,unch,0,71,0.01%,09/05/25
Call,1.40,1.31,1.33,+0.20,5,"9,690",36.35%,"10:50 ET",225.00,Put,58.12,55.35,55.75,unch,0,248,34.53%,09/05/25
Call,1.28,1.25,1.27,+0.13,11,807,36.37%,"14:50 ET",226.00,Put,60.51,55.80,56.80,unch,0,63,0.01%,09/05/25
Call,1.19,1.19,1.22,+0.07,3,"1,594",36.31%,"15:32 ET",227.00,Put,61.33,56.80,57.70,unch,0,72,0.01%,09/05/25
Call,1.12,1.14,1.17,+0.06,64,"8,852",36.47%,"15:23 ET",228.00,Put,56.92,58.15,58.75,unch,0,32,0.01%,09/04/25
Call,1.06,1.04,1.07,+0.10,220,"3,864",36.58%,"15:37 ET",230.00,Put,63.50,59.70,60.75,unch,0,6,0.01%,09/05/25
Call,0.83,0.84,0.86,+0.08,229,"3,302",36.79%,"15:29 ET",235.00,Put,66.12,65.40,66.10,+66.12,2,0,41.69%,"15:18 ET"
Call,0.68,0.67,0.69,+0.04,32,"5,504",36.99%,"15:44 ET",240.00,Put,71.10,70.30,71.10,+71.10,2,2,47.13%,"15:18 ET"
Call,0.55,0.54,0.55,+0.04,261,"1,577",37.26%,"14:58 ET",245.00,Put,64.91,74.60,76.10,unch,0,0,0.01%,08/28/25
Call,0.44,0.43,0.44,+0.02,801,"8,904",37.45%,"15:43 ET",250.00,Put,79.97,80.40,80.60,-4.94,1,2,43.18%,"12:15 ET"
Call,0.36,0.35,0.36,+0.03,100,"11,015",37.77%,"14:09 ET",255.00,Put,73.29,84.75,85.90,unch,0,0,0.01%,08/18/25
Call,0.29,0.28,0.29,+0.02,344,"38,063",37.98%,"14:58 ET",260.00,Put,90.88,89.85,90.90,+90.88,1,0,53.06%,"15:25 ET"
Call,0.24,0.22,0.24,+0.03,15,"1,029",38.33%,"12:00 ET",265.00,Put,95.83,95.35,95.95,+95.83,1,1,54.32%,"15:25 ET"
Call,0.19,0.18,0.19,+0.02,421,"14,018",38.43%,"14:51 ET",270.00,Put,88.35,99.55,100.95,unch,0,0,0.01%,08/26/25
Call,0.15,0.15,0.16,+0.01,38,"1,158",38.51%,"15:17 ET",275.00,Put,0.00,105.30,105.95,unch,0,0,54.94%,N/A
Call,0.12,0.12,0.13,+0.01,"4,964","10,869",38.66%,"13:07 ET",280.00,Put,0.00,109.65,111.35,unch,0,0,53.45%,N/A
Call,0.09,0.08,0.09,+0.01,19,"2,542",39.64%,"13:25 ET",290.00,Put,125.30,119.65,120.95,unch,0,0,0.01%,09/05/25
Call,0.06,0.05,0.06,unch,300,"15,863",40.02%,"15:43 ET",300.00,Put,129.01,129.60,131.00,unch,0,0,0.01%,09/04/25
Call,0.04,0.03,0.04,unch,2,558,40.36%,"15:20 ET",310.00,Put,0.00,139.70,141.10,unch,0,0,0.01%,N/A
Call,0.03,0.02,0.03,unch,78,"7,232",41.11%,"14:05 ET",320.00,Put,0.00,149.80,151.05,unch,0,0,0.01%,N/A
Call,0.02,0.01,0.02,unch,13,"2,352",41.36%,"13:24 ET",330.00,Put,0.00,159.65,160.90,unch,0,0,0.01%,N/A
Call,0.02,0.01,0.02,unch,0,"5,073",42.00%,09/05/25,340.00,Put,0.00,169.60,170.65,unch,0,0,0.01%,N/A
Call,0.02,0.01,0.02,+0.02,3,"4,817",44.64%,"12:39 ET",350.00,Put,179.25,179.90,180.85,unch,0,0,0.01%,09/02/25
Call,0.01,0.00,0.01,unch,38,"13,572",43.67%,"15:32 ET",360.00,Put,0.00,189.70,190.85,unch,0,0,0.01%,N/A
"Downloaded from Barchart.com as of 09-08-2025 03:19pm CDT"
